HistoryId,Created,TimesListened,Duration,TrackId,UserName
1,1611939320000,6,58,3TmDnZuy3pHQbFJG5fRu2a,lgremainlp
2,1673771700000,74,60,1o0yFkUycTAWIIWFOlhDcV,mlincey2d
3,1698546755000,74,62,5vLqNGfMBAUdboE3YLPzjs,jkettlestringes6t
4,1711581409000,48,97,7pi6pyhxnNjch3BsefiPMU,tthackston59
5,1640321084000,33,13,3gSp7wFRqSkOEBm4pDAWYP,cbaylisp2
6,1644942827000,84,28,531NEqHzkmrYGD75yJLQ37,kaltenb6
7,1714219864000,53,48,6GViyUENJxUe9UDQnk0Mm4,sblaver3c
8,1626584965000,91,3,3I6QPKSdcp0ms9RiA2D2XD,dspottiswoodcj
9,1731068075000,20,9,5j4efyqEcrNX74JQJOmToB,dhughesdonc5
10,1727160595000,24,39,0RaGvh3x3zOOiCvcKuPD7i,jmcteggart9a
11,1706751758000,29,99,1Q5SpQeocfNXefx76svqkl,rdjurdjevicj5
12,1612709409000,10,5,4XWW9hzf95NduvyfkgC3V8,bpullingj
13,1667336592000,24,75,45UIO7DRXlXeeROU8F1AKl,givanchinib
14,1613959520000,48,74,1eDwCN3vM597Xzn0Yviu0T,itewelsonar
15,1639821966000,92,59,4vCiNW18AyeaUAZosVnX61,fcraxfordpx
16,1618149026000,59,44,1xjfwRqTs6Xf6QWFr1pNOA,rwaskett2i
17,1705510053000,39,87,4wh6bMUhAxldwgXg2tekeC,alequeuxhj
18,1609097390000,9,78,22TH1OxsH8NRbC5wHBuV9H,cchapelhowqi
19,1613399659000,22,4,13YWp1iozoy7YACZsRqRnK,jbethof3
20,1671734405000,52,56,7baHwKZDrbFGsCz2NBKc6Q,tpickeringlh
21,1717785972000,53,65,2ktq6Mjg0O6BVq9U8FTzGE,ktretwellca
22,1627690114000,58,83,3rzRo91l4htQvMXhsiECAX,lweale83
23,1669198998000,65,29,1O2bFopw5RLleB4VzMe89T,hnewhamon
24,1669032138000,43,95,0l6iogQpbVXqjdK2KO84eX,sprimakap
25,1613494566000,28,84,797fEwjPjyNhkoQCHDkzne,akynastonl6
26,1730850138000,81,56,2vDPSojrX4aL7aiCPD7kja,zdrewelljo
27,1635875469000,87,28,35pr45afNblCnBPRmDLJ6Q,gmcmackincg
28,1710401709000,8,75,7KVulrANOAYwDZ2YTqQtzV,lshillitoeet
29,1615733895000,8,58,22QRsnGR9m9fLv3czhFE0v,jantoniutti2k
30,1716751937000,32,66,6oDfRqEbg2gOf64XSwgfCF,bheifer6z
31,1615119366000,5,14,2XWjPtKdi5sucFYtVav07d,dgethingsby
32,1707001768000,2,75,4SOnL149BShT4rIN3mHBpP,ktuiteq5
33,1709254155000,81,20,5pMr3ipuLB1z2QkfKGlkGS,arumgayj0
34,1710509169000,3,39,0pPrvxYCZIvrbs9vnsfTZk,jkesper14
35,1668305355000,35,47,1Mum1zLFnzuPDR1GsmBV7x,gpickfordnh
36,1683839284000,4,76,5KrZRnkLIYL0rocVgeAuGr,lhuertasek
37,1692718408000,73,74,2F4bq3k9ubUo8tMDShvW1I,scelizo5
38,1717788838000,59,24,21yCzGekZX24CjEUa4Jsq3,hpilmernb
39,1649692051000,13,54,3jkDtDzZKCmWtDccH7UUsq,givanchinib
40,1706905570000,44,55,39ZecmnMc3r0ee31dZ4Yvv,imcorkil3w
41,1669386948000,58,53,2bbX2vmBgO7mBm7PcSgUns,kdemainek1
42,1717384778000,43,33,6Zrv18KGXIISGFDK88emXk,zcavy2x
43,1625184228000,69,14,6zsTrRfVRqG4atLD4VT1Zs,bfairbarda0
44,1710971123000,41,64,1VumK3MVDswF8swkslzz7d,lsweatingql
45,1717445162000,62,88,7dtI23uVx5Gcnhcc9N8JJl,lwomack5j
46,1630838100000,21,85,0725YWm6Z0TpZ6wrNk64Eb,kfirthit
47,1655325954000,74,7,5kT7m8hChi8Cv3KMGiiC8T,laldhous2r
48,1676810438000,40,91,54rgh6P4Ab6HchnWl7GC4w,etowlbe
49,1622648484000,15,48,5blXK1R7GYL7gY2PVGxC90,ddealr8
50,1683159450000,73,43,6beSXVbbvppuDsgD1pAZuG,nsainzqj
51,1639305943000,27,36,6xZ2xoJL9S3PsFhAo4VByM,eswalough4t
52,1714258747000,47,88,4tPJnnGxDdGZQmWqLVW9pe,mveschambes7h
53,1694208948000,87,60,4TcFHtveoyCfiCO7gpm2Xm,givanchinib
54,1624838734000,98,85,0MKQMuVOTbLnN6sMuie5lC,fboocockln
55,1644323545000,68,20,4OKWI2ODVp27li22Bpey4d,dfarre25
56,1683369483000,39,5,72WsGKDz9QlqEWKkhaeNBz,mleacydq
57,1617404551000,65,73,60ns0VdKqXDHiQ9wAgE73e,bzemlerds
58,1678187788000,95,34,39I5xXLPaiTqNPBaKo0Rnw,cgeorges4j
59,1634647844000,95,65,3c6LWNzVMK97JT5aMoKmBl,jbagguleyc3
60,1643681946000,33,72,5NVkktUlAylhk7f0t63eth,emccluingi
61,1702302990000,61,66,4b4ETAnCPzuL71IhujRpdW,ghurworthnu
62,1608030979000,18,88,08ZpxeS8kWYLEqyzEYdUbp,lfendlowmm
63,1656219849000,76,78,4soqeHQWIAc0yGI4bv7IXi,ereddoch9h
64,1717676352000,72,59,6Slvi85s1hIaeykjvDe1xk,groycroft3i
65,1648955787000,81,27,0x98TljIUZtLffQkRPoVb6,rbesantiee
66,1717611205000,22,50,6Rvh5eOFXDPAGAadIfsSLw,gponde78
67,1663297985000,8,3,2fMlezwwP5Hr1UwuAknN4o,vgriswoodhh
68,1641451628000,73,10,1w1rv7yP14aUqdCYKiXGFu,dpolon8r
69,1624926098000,47,49,0Y9nHU2Fhl76LHbRRmNQ6X,hlaurentinoax
70,1621600972000,90,44,4qDVoqOO4u1CTLfuIxkP3L,fvinadw
71,1622680482000,78,10,2KGayXScWNO2bPw6Z9Ruoy,llundbergps
72,1685381751000,18,23,7IcIQ8ocTbLpVDDqQAVf3H,ehawlgarth4q
73,1703249698000,75,91,2CNSHg6E1xchwIuKuQLHtD,gbabinp9
74,1661825629000,99,24,5y2j0voADwpD6ZDGSxdnd7,cchapelhowqi
75,1636591297000,43,74,2Bx0ZmPTGSch4ZcKOv6vga,hmonroek8
76,1700048026000,3,37,3fnqNxjN7o0tJe7zOQZV68,brattenbury84
77,1685157327000,70,90,4yUk1knKtOuUEPT2iy85Xp,gponde78
78,1730259505000,33,69,0OP07gLuFKLHyV2GhdzyMd,ireglarhw
79,1635454438000,61,22,1PsY0LaQ87ZR2s6fuQtc2X,cpersencec7
80,1694580365000,45,6,53zYfvOxlsHZv89MmpY1D5,ajellnx
81,1643803892000,44,80,7sTcNcxIIRpEdSu3W6k8Ky,nstoditpt
82,1683863766000,12,99,3f1ChZHm6v4KdUaEW5y5qd,hdevita3o
83,1728336138000,60,24,4f2AJCvDRqxMDAD3OdODm3,gcharer48
84,1661056038000,48,99,0lx2eqqsCRaTHlUU0PPZ5O,cbaulcombeju
85,1695191196000,55,34,1eadPrzB2P0ikQcqhKSAtv,mbaggerht
86,1714154871000,12,28,1De66xUavye2fNqhCwtgyo,dkeetinggt
87,1689178656000,43,46,0984nSnkRCEdjAXiig3rOH,msymmonsmy
88,1633349057000,75,98,5FU3G8Ey9QMMBlC698jxUB,kwieldey
89,1719531914000,14,52,3bDk5adzwYm0HnbTKZzHgq,okibardme
90,1714647462000,28,55,71R6zJsrF3ffc3TBFHfivX,lsmaridgefi
91,1724493852000,100,21,1hMZDDqL6ThRyJQ5rsLiB5,ereadshaw3a
92,1714265970000,84,20,2wXqucamc600ePixPhH7py,oklugerhc
93,1709270432000,69,16,0sp0nxA6rNqYC4zmRQT24g,nheims31
94,1652761724000,26,65,2Opl36RP0zmaF74JF6jnN4,iprendergrast1g
95,1699778286000,12,51,3mx8JSXtrKdlbC5lWPTbir,psoda75
96,1649927205000,21,7,2Gl0FzuLxflY6nPifJp5Dr,lskellengz
97,1728896053000,32,33,4qxInLVzSSRdV5ARt81xRI,wcoathup5f
98,1673853326000,21,6,7cb73VcuuoWD1zHoYE70aZ,fokkergm
99,1695277983000,28,38,0fUydAlb5pjN6RLenfYuIi,cgeorges4j
100,1662305575000,95,4,3cg38isdTrBH63B4BMywsw,sbradshawh0
101,1730817574000,97,47,6Ur2sj2Q8E2Dp4x3erQWN4,bgabbottsqs
102,1671613667000,64,61,7KBotkRcWIrSUZvs55WU1S,sfutty4b
103,1729411611000,46,11,37zhImRfvxPCafPScfoipY,elawn23
104,1641090511000,50,90,17LZRfiDunm1oQt6a1CXLw,rdeleek9f
105,1642018190000,74,34,0SppopiEqKv3SM4LcENyUo,sjanikjn
106,1717678833000,55,68,2AOmTB8IJm0decOoE21PxI,mhospital89
107,1689856892000,12,18,1hhbjqeEfUjzSweXFWIuSk,amandre46
108,1705049741000,30,90,5c1VzSOm3aE4xOaVN7KgBd,tdowyerg6
109,1684880948000,52,44,3VYxHOaZ8ed1enSdu9lY5J,mmccrossan43
110,1614130809000,63,92,37mfTcSlX60JtAvAETytGs,bsalmonfj
111,1639653031000,71,77,3aEa8kLrP7g06mBjv77Eyu,ljacksnf
112,1614462667000,95,5,6aXbJYFsFav0JsmaXx11WQ,ltemporalrf
113,1618009353000,8,12,3Clq3Nkvml7zX8qbdHyNT9,rmaberjt
114,1712670774000,3,87,6334UUHfD3BBDZO2uSCo7T,baldin9j
115,1676049985000,56,17,6xcQKZQ4y1jOkKgpVl9w5z,kasalsks
116,1706344101000,97,34,0HTq5bN35IPxdhCNZQTXqQ,ctilstonnm
117,1711112712000,24,79,4xd3yfdqutRzZuWlqZCT2p,sfortounnz
118,1623192653000,90,73,5puTq4a48Pn1b7rGurpxZE,opikettim
119,1668427364000,78,92,5gBnIF2kEERM1G9Bd78Rrc,pqualtro1z
120,1615975153000,81,9,3SHopOL3KEJ8PFl3vJdfmF,mverrier1q
121,1706520742000,67,31,3x55c9UVpbURc2T02DLfEM,lsherelcm
122,1674050872000,24,78,2YGWqGwDmlwVfK2sxt11uV,icammoile9t
123,1721784615000,30,18,4mNyO53ZehHoxIRzlReaNI,sscates6i
124,1692507108000,87,80,6BWssu3CWDgkZXHnSWiwSh,blegerh9
125,1676214335000,33,24,2j2xHXHZgMf5o8SRpIEjVQ,dkeetinggt
126,1704613639000,45,51,32yCdWFYP6Y6NgWeLc75Ra,nhabercham4r
127,1657778183000,47,89,2FsD3W3i69WGlexZPHlCT9,cfansycq
128,1726648377000,54,82,3h8WjmOJJZot5uLuSIcLzp,tmcgifford6s
129,1619158193000,5,48,2j93jQX5C9wRnSzT3qthRt,frubinfajn73
130,1631911679000,90,37,78UPFL0bdiooH4UiwJ1KhM,gdablep4
131,1612090251000,8,55,40UM6V4YgUkLIxT5BI2YSk,slairdcraig4o
132,1653543339000,8,92,59GRvXZLg7H7DJZkw4D7TJ,htardiffbx
133,1712374561000,77,70,2TZ3ofX1PWwlpcyfd75CDg,gridgewaydi
134,1682877257000,70,32,1EddaL9a7UbyHNchrXIP7E,dsarchwelli8
135,1625767097000,96,82,77VLYTyrdlHEWcjhjQoXlz,dbackhurstmh
136,1697310897000,30,23,6QeUrcDGwRRKOS1X9fQPzg,adomber
137,1671450822000,57,17,5kSqoH8sxJfyzjbt5l4LUr,aguislinri
138,1653586317000,59,65,755inykyaG4w22GWAsA3MX,dfarre25
139,1726160889000,32,60,1rIqfYq2x4H8fymncMlhVW,rmussettini16
140,1727000924000,49,56,5ISowUrTuqf0mbeRle9494,dmintoq2
141,1706801875000,53,88,1ifMJraYUkVtRHeDBBs1PQ,bdunbobbinad
142,1638978614000,57,52,6RF34iBYJpnFGaYUXgIfvi,cfansycq
143,1712731771000,13,31,6IBgT0sZ1rmG1bUSDNwPvn,fcianniot
144,1676591477000,94,6,5kCdc14ItHSF6N6rI7wGSX,gburth7r
145,1687140952000,96,70,6pmtIWAw69AvKnajOPGVtz,bcaswilldu
146,1625696651000,70,96,3VNA5SrCXtBs2xUbA5bgpY,bfairbarda0
147,1719940129000,58,95,16JY8jvUrndXWTdDjbER2C,cbengtsonjq
148,1707637349000,26,33,1mR8QLenUNHA2T1jJLosp3,hgettone61
149,1652088348000,5,21,4e9lDOOO0zcmJI1QJMaCmk,cbengtsonjq
150,1709971771000,73,50,1ujjP3ypiB2yT3sheWsykN,jginnety5y
151,1645417118000,59,65,5pXw5DlkbBWf7bSWzbVeZM,gbutchartms
152,1660433081000,21,76,2IlLA49nNVHNCqR3sUNvW0,iruddin7i
153,1713604235000,80,74,3CvfYeaJX8JAT1tF5IzVlG,swalkowski4c
154,1638956863000,3,43,73HYWlN3OO01k7sGN3PjI5,pparkmanbm
155,1701191916000,97,26,0cpyy8xLYRt1OdlnqPmMnm,tginniw
156,1682790509000,48,22,6wItGr9inykRZv5OUtBtoS,cbengtsonjq
157,1606901606000,28,52,13P5rwmk2EsoFRIz9UCeh9,lturnellg9
158,1613793297000,90,79,3aTJREDBpFWYhR5m4i48jO,eklugerg
159,1705079528000,2,7,0U32q8CZRRo7xCzyiaZw5f,brattenbury84
160,1664015539000,61,78,3rTk7Ll8NRrd2jspBFtimV,ddosedaleo6
161,1717663749000,48,46,120Tni2Xm0XoIvGt0o8NYD,kdaveridge8e
162,1694297654000,21,2,1PZJTMzSe9caojKSMdJP47,vourryhp
163,1653228027000,84,9,6mX7ERpt8gb2BjWtqXkz9p,cvolkesn2
164,1705407458000,42,68,7JhZI4MzYLnjQdvxco3kVU,elamkinro
165,1639294703000,18,28,73oHkllHIT8fdbzpxiXW40,jboaysi4
166,1646104379000,16,94,2Rv1rl5lhTfj3ZydOKNb5I,cgeorges4j
167,1711051150000,64,3,3RPUlfBMYL7KCApbHMNE91,rgirogettidj
168,1670392088000,89,35,7sWUnvUCwIW2vVGox0VAIs,kbrumheadjz
169,1642023840000,26,17,6KMbJSTSecyfoD5NgXiQvh,eflecknellle
170,1692976647000,50,11,57WIAxZwwRz1mbWglNKiy7,neckert8c
171,1651550730000,37,72,2Ih217RCGAmyQR68Nn7Cqo,gdevalla
172,1709462017000,89,70,2NvbUcJTaaQeuJXfaA9U1W,kcarrolln4
173,1704726584000,46,77,3yavilApCRUIKYkIuX8DDk,neckert8c
174,1707350915000,97,4,4CebKGVZUJw18tnDzsjv2d,jcattrall9d
175,1702941930000,98,8,26ltVi7bnUxqqYXWoKhrBu,igrzeskowskioj
176,1641075981000,99,75,3xWvJFBaEMVZPwIzkO6nBo,rbartolommeo6l
177,1723487135000,71,74,27XMmSWSOXJ7eVb40tH93T,rdeleek9f
178,1621174945000,68,46,2yiBcz3D4OUGrGynegqHBZ,hnewhamon
179,1648064105000,59,60,1oDlZ9gdbeq9Jz9S15OUuL,sfortounnz
180,1668529220000,88,94,00LvoGJplEaTcFLC0wIrQ9,fbattyllno
181,1638272497000,34,6,5k38wzpLb15YgncyWdTZE4,djoderl
182,1616404229000,78,3,2ccrRdnmzDblAFpto4PBCh,gtolemachein
183,1688300780000,23,14,6XSXOvojEslvbqBCh7IP8Z,tredsall6n
184,1693163822000,21,25,6kreLbFo6RhwdbuZmPYGGH,lturnellg9
185,1624566698000,76,20,4XeObYyrXp8MNNNPQb3Hhy,dorrissoi
186,1658417141000,5,88,2dTeSx3Ve6tIum4T7haUWO,mschurigp5
187,1701388546000,89,60,2dIs40C97zjNaJLrY03Czv,chatterslayr1
188,1704963570000,28,17,1WfaiA60QqqYIYMmd1IwLR,dgethingsby
189,1667445043000,32,98,3p7QdyY9RFucHRkeEugVTV,aheintzschg7
190,1683929445000,95,92,4cXlM7IelyGNnaOiROPZqn,ralps1p
191,1721096831000,24,76,4nIYAVvxCA8vtUj7XHRC5j,dschapiro3x
192,1615999260000,89,14,5m3HJ9BGW6on64t8w5r83B,sogilvydt
193,1720112005000,68,23,3o118H22lkPivuQtVvhxz5,tdartonhs
194,1725546117000,95,59,320ePMZ8X0ugeffZk0wNzY,sclyne9b
195,1661940721000,93,77,07JrUyj1Qtq8qEZBciJDSv,lkermono
196,1637994920000,29,92,729Y2Qkaj2oeVhPsArJC3O,dhughesdonc5
197,1717087098000,76,32,5b7u3idwfY2LyqMQlCwscm,khallockk7
198,1686379765000,8,66,0TkIQ2I48rz4kpk1XpfyHq,givanchinib
199,1648676689000,53,21,5wnUg7FygmNysBST4iCPLA,nstoditpt
200,1635499327000,84,4,6CZ9Kca2A2fOjaR3uCTVCl,rgehricke9l
201,1645429592000,52,42,1tDqJHfDFQzlkc4lsOsjME,kbeverstockex
202,1676349999000,70,12,3MrWxJaD2AT0W9DjWF64Vm,bmccullagh9v
203,1677718478000,53,76,2AP076SfYkDXy0dQuceBTk,ischutterfs
204,1656655119000,43,21,5UT8SkrqXhuYJ23am3ESgg,mgoodwelll9
205,1637903097000,89,64,3HV0CovFEnuJ8k7zVStPyM,cgodiercs
206,1722275479000,87,98,7vWDTrEfPsNGn9a8QQoFTF,gneedsz
207,1693507040000,17,10,7mtDXaOBLfFQV2DF3xx2lE,lsherelcm
208,1649320938000,32,28,5dHfNQUBWMbjn8NeRNUPgW,nsainzqj
209,1699840214000,66,21,4yXvztnOOlSspO4W3MIsdd,gabeau22
210,1657427209000,48,56,1OvHd0mrC4WfxcQlq39TK0,ktuiteq5
211,1682767843000,81,76,6QQ5e8x9yRj62orHvwTFMo,rmelbourn3j
212,1726726930000,62,68,4iObEYRE4FLm0D90gmZFef,sduetschenspy
213,1706021906000,18,27,73FpYIWTWzhnUo2YSSm4yk,gallix5z
214,1721294516000,23,1,3IsElc2ardSjI3qVPHsFwB,mverrier1q
215,1657523281000,7,68,4ghxJmNscjgzMk4cUg2is7,emorrid6h
216,1668298460000,55,64,0U9nW4VDhbcMS7ANNxXfHM,icammoile9t
217,1667393986000,8,19,2p7i9qV8ciRIwoAVOmakQu,bdeedesee
218,1634348401000,62,6,7Fu7RDsJZAZtk4NJHLjKj7,fcraxfordpx
219,1653189043000,11,70,6osaMSJh9NguagEDQcZaKx,htremellingi3
220,1665863538000,69,38,4tReFKumS5bcFahdXDiM1b,eavon47
221,1647744986000,19,79,0rQt4T1SsEG11PCBJJuELU,livushkindy
222,1718900683000,40,57,017qYDiQ3s9Yp5PZbdtPzr,pmickancz
223,1653810038000,90,92,4zDkU0cTjnoDweOQeLnBSb,mtwinnc6
224,1649307934000,74,77,77ou4xwREuG6rqriGgWnpd,cleathersec
225,1678545802000,82,84,1Fs0yyfsXxw4XiuDNfOIRo,ljacksnf
226,1655081288000,91,23,4yi1dg6BbXUnhTUQNllDiV,sasche2c
227,1729014723000,32,79,66XHwOkyjWK6cNI0oui1nF,smcerlainehy
228,1717045979000,43,30,3HhEScV90AFQ3HoNcXsJjb,bfairbarda0
229,1651322672000,30,62,2wa9dD1k13UVM73FxUBjPT,lcosgriveas
230,1616992606000,94,81,53fXPUjQJM7drsCEH02qRe,wfenlonfm
231,1647176256000,93,38,32DiDwnKKhaXSAVvK2jhYz,wmaren97
232,1715860862000,25,100,6iwp0xbFBJE4KrktVgMYY3,tchiezejk
233,1717210585000,10,80,0FJ5C03igALJMeicHGorCo,jmaruszewskilo
234,1651038190000,81,96,4bFMRRzCI8Ik09BN7tCSVl,hswindleyos
235,1712374431000,95,7,0iiQCzqzytQsVmlkGjTGB1,egiovannettiv
236,1632589238000,84,89,5zOBEirORgMpNAnU5K97iz,mgreeve3y
237,1712202116000,20,32,1grRmO20uWLRqWZc8g5me1,ehartzogde
238,1627672602000,68,84,0UgmLwOrTeOCUNwV07a5AD,tlivocklf
239,1689346481000,38,44,7FQvFYg88JndjHvd5tBxwI,dbeterissig
240,1693348898000,88,62,38UeyH7xex1X88F1hoWme3,cmillinpi
241,1664573738000,80,70,0YUfD2ii0U2LF0O7uTThYW,bpashbee5t
242,1656369785000,8,92,589rG7NOCrbUl3cpPxDBiy,ashinglerj8
243,1635961705000,14,65,2bJCDeXpJe1EQhxllXI7Pf,ifish3e
244,1690404101000,49,62,23dkiG5UbLxVCvZX8zYiDA,kbentalle9
245,1621330799000,2,96,5pwmFJLAdlYSTN66Bsr4PG,tlivocklf
246,1673925209000,27,47,3mmSn39oAXioD72xlP8aqU,rgehricke9l
247,1614158006000,37,21,0XbOtovmj38QDIZFCaJ3KB,bkellart9u
248,1687428571000,34,32,1WVWPKfldtl8lDs9e6YRA4,koaklandj7
249,1630613010000,47,17,36T5ZSPKoAREX7q9olfhMp,rpetscheltc9
250,1671585677000,81,57,483XiZ5o13Cc1zoWV7jGml,jporcasgy
251,1686699893000,99,84,2xKUrGA3EU71dI3bNrQuEJ,sdunmore2l
252,1678712833000,100,26,3lS99gJJAWuxKxQfXArvvx,bhaddintonh6
253,1673857053000,17,100,1M6pRJmaBuwbfpWxzeg2vS,caddington4e
254,1647694338000,57,16,6BYwpPENh1oU0hTMjHa72g,sstickneycb
255,1663902484000,36,85,5nw2COMgFxvGEepKnow1Ab,dpoley8h
256,1674705803000,59,90,5EV90DvQQH2lu6Hv6c2r5m,bfindlowjs
257,1663413861000,56,48,5GMw6X6BbCDGO9gApQYRSa,lturnellg9
258,1722724091000,12,51,4A8fc0O86u7HykvgeMb8l0,gprimopv
259,1620156437000,22,44,2y6fWmxZm3k16NbN28Sr0o,jnisot85
260,1698128420000,63,8,0KLFLf51RleTfm6caSJYF0,mcomiammv
261,1726637179000,62,96,0uyG9P8SaaeRpwdQ0AIahd,cmillinpi
262,1704128295000,13,67,1gS3HJ7xfTvID7UAPSwk70,gstallen1c
263,1673478046000,22,4,5AEdInUeGYNvGd0DKqOCCz,bdarkermk
264,1638478046000,39,47,6339iq4yAm87arKgnNc922,smogganjh
265,1609095171000,100,22,3XyFQxpSlGowWpZkIn3ISA,sjanikjn
266,1663281919000,47,13,6N8ty1qH2GfD9m6bdJk1yT,adunlop1r
267,1713960275000,34,40,2DvRorluLbsvReadSjpEbg,nconeron28
268,1627705631000,89,22,2r38BUAupTOV8KuWdhlx8q,anorleyff
269,1647024948000,61,24,1gtlYJegyrj9hO5DENbfxt,bhaddintonh6
270,1664272826000,80,22,3pdANAzKZHAaf9PbpqVdGH,bclaricoateslb
271,1725259907000,34,33,0hVoGcQfWl7KnAhi7cpXC3,ddosedaleo6
272,1715517190000,1,28,1Sh5dMhC4QLPEFlbfpG0xy,mschurigp5
273,1648172451000,36,67,0Lc5P4cawqvzWjtNCOKsWK,ajamotfk
274,1654311187000,62,6,2sEk5R8ErGIFxbZ7rX6S2S,gduguidqx
275,1706082585000,6,66,4Y2vJXOi4Bd1ZkrPjY0S48,kbediss8z
276,1728292362000,87,48,3FsI8wbBAFBjuVqgLPlVLB,lsherelcm
277,1676686904000,81,6,5e90dsXJMBw9ndBRiKP1ZA,bfaldoe9m
278,1629373576000,82,28,65vseJi4kug0grGTTSmH2u,jvassarr2
279,1723266838000,52,78,0kKv6OXyItjjmQHcNalLbx,hnewhamon
280,1664063302000,14,79,6LptEwO1ObZvVQXlU0BPIJ,dpalke2b
281,1634747082000,21,52,4MSrYeYVqU9akrNqmOy68R,lburkhillip
282,1725140702000,5,78,33fbChIpvAkS9TWaLZeSlg,rpetscheltc9
283,1606209751000,2,16,3O8G8eVrhfXTGttyQ1xVuq,dnelmqn
284,1691753003000,10,80,3uUuGVFu1V7jTQL60S1r8z,chumei1
285,1701047751000,77,87,4d2Gndzn9dnmUC8jIzI9d4,fstagge8n
286,1616963765000,56,25,6MdqqkQ8sSC0WB4i8PyRuQ,tbisterfeldk5
287,1663498706000,70,81,405hgdKApeaYy6xExaHLpc,uperroneg0
288,1621261923000,29,9,5VCiHDSwirlQ3yGZAcW8sh,sfutty4b
289,1638794123000,42,12,3B6c6S2aPsIe0T0MIPJ1S8,dorrissoi
290,1607890742000,10,87,1fE4yrhQZdRzlMS0Ve0m18,hlochriehn
291,1656082210000,75,65,5z6FodPrcFqUjJbeAPpjXT,rgantlettpr
292,1679781356000,97,67,54UG4aYeQolkIyW6VekCcw,mcomiammv
293,1701353589000,76,51,3JH39OZox97qAukh5MM96L,mgreeve3y
294,1672318177000,7,82,6T7ORp4dBOA93elX1NIYOm,cbengtsonjq
295,1722716167000,35,23,0i8YObgqnjZYoYJOQbwLHq,cbrookzqv
296,1653807039000,62,7,0xhmTn9CdvvG8aIsc9jkjZ,hlochriehn
297,1673095612000,62,18,6nRhtvuhIec9EYGUS6brBw,cbengtsonjq
298,1668754099000,77,7,5jOdQjFMSfCaBiqzVnl6gl,mchaundyh8
299,1722637295000,30,68,4OQq1bcP12GQQXJNupxqfR,ddiffleybr
300,1608796209000,28,99,4lNeLiwxBC6J9kJxUtJLxh,ischutterfs
301,1670133298000,63,49,3FRPqVwG14wKc0fAb8Nj3O,gduguidqx
302,1679475491000,99,53,25MSxQfbmtsuZdHy7yXFqU,eisakoved
303,1710596498000,92,71,6GLzN6o2fkOupy8e1vGzwp,mblakelykl
304,1650663352000,67,14,1nU5e1zaavLQbZSP3rOhmh,htremellingi3
305,1657466919000,75,11,2ePkRQ5vxC1pPO5J6JD6a8,shedgecockx
306,1715159156000,42,12,1gdMwDjEMYMwfI9Q19B5Uh,aciottooo
307,1693086646000,82,89,6VNRBXV7lQz9VAHhsfYkrE,hgarteryal
308,1651011816000,26,64,1HvBZ5Kk6exD3PoohClhEf,dbeterissig
309,1726041693000,97,66,3rdAz1fbUfZxYgaCviYhRo,klemmen8s
310,1693159557000,20,75,2DSyDpxxlaKSM4CHRBGYXk,igrzeskowskioj
311,1699304687000,40,14,0ADZ5dmXhlfzjMw6lefoPl,qkemingco
312,1651704207000,35,68,62rMSY7UlA9fmm3ZfRh4vi,bgallienne94
313,1627544777000,85,14,4u4FI7ZplnBpQ3Id8yU3uW,mmorfield1f
314,1679829085000,5,28,5LEHlRPjGcZ5RdagAwXpHS,lmolder1t
315,1659461206000,77,46,6yJFoEMTl2as86IAVFTqNv,mtwinnc6
316,1606417144000,56,97,1CM4rFDU9q4EoLy2K44qE6,shedgecockx
317,1606115760000,41,85,3S7NB9yGDk4HjbHxkqzgK8,lturnellg9
318,1654102198000,95,23,5k0UAezGjJwIWAI4JQQHQc,mkilgrovels
319,1647380459000,40,57,5jTfqSbVCKunEek9FT6gfT,eswalough4t
320,1679863025000,13,3,4KJU5vuwMxqupVqmcAyhYl,vtottlekj
321,1666207883000,70,15,0l2Wqb2t3XUNWa24zNKNbF,eisakoved
322,1655707322000,44,52,6mCBXs5VNOS3OuiKrtyWxT,myanshin2v
323,1661113492000,83,63,5ljkFWKVckDSU8iS3XPETr,akeyesga
324,1674818474000,26,83,5hfOZvJa7x89N74kESpVuO,gbutchartms
325,1657812533000,64,87,4LaZ8RpIP6DIgN73bXQVlO,dvanleeuwen4
326,1620232531000,63,28,1gAj0rxRU8QK49emO77sjF,sbattinc1
327,1683986894000,13,54,5I91wj51ykRhpypmmgSc1M,wmalthusak
328,1719344539000,72,32,50TxmkDv0ye9s2UmToana4,ddankovdx
329,1694394741000,28,97,2qJkesdHu9sMMVFgkRkqhQ,ocromwell7z
330,1661537214000,26,30,6nXwthh92R2HlnyBWtHgHP,nshermoren8
331,1728473473000,67,58,6vXceKic4ACImU0bC3oecd,abedwardnl
332,1697789201000,75,33,1ZJFc8isFWKXtN1BlE20fX,mkepeo0
333,1646213445000,79,44,3o69TssC4muwST4WjxnWGP,jmazzilli5
334,1626651883000,86,92,1yz9WlBMOrYZ9o9B0cyFvG,vchaperlincx
335,1647487629000,38,100,1WpcDNuy4BDoYH3iF0S1Mu,dsheratonox
336,1683025840000,33,58,2nm0Bw0oGdWtgdi47RjNzR,thousecrafteb
337,1663969884000,34,56,20iMJHbtjyvAbCial6GE12,odoughartie5v
338,1674255104000,99,52,36eQcuMTs70AElJHnx8kKc,dsheratonox
339,1647483407000,49,51,2W4yABdLc4Jnds67Poi5Nl,godulchontaq4
340,1626559498000,39,99,64q2xOrEX0Vmlmu2ywX4YG,sshimmans70
341,1634616345000,56,9,0fErR7tWEKfaOr5HFGZSTq,lwomack5j
342,1678876181000,16,25,0VUiaSYJJgUF0JvweD6Mr9,fbottle33
343,1645708078000,6,15,1TeIFb2AIbExCZjInMxGha,wfelderer32
344,1698713999000,29,64,0vqtRYkKXZmkYDfAd2La34,lgaley99
345,1631922845000,16,91,6N7JorLgKsFEXD3doBDQKM,htardiffbx
346,1610484466000,39,60,09nXBi19jRO59kMA36fJGE,brattenbury84
347,1700138461000,1,74,0DZr4tVoYT3rUJzm9w15Lg,mcousansi9
348,1729493726000,95,34,0N7xGxnWoSqVvT5QpzUZ83,amcvanamycw
349,1686769533000,36,17,2D3dVYJbrdAZgdLFw9gcvU,njosskovizmu
350,1657021324000,36,6,2ZLoprAEuvfs30Y4InKlaq,rosuaird6d
351,1661513661000,44,5,1wyVyr8OhYsC9l0WgPPbh8,bcalteroneg3
352,1619837308000,69,1,4MiI887yKiYYJmGB9hnO21,klaverack2u
353,1680053376000,52,64,00PBSElFPJbnIcFS7orAm2,gjenney5r
354,1642568836000,87,3,1505n8rEQ4XBoiEXDoSbLc,cmaryskaqw
355,1623435361000,15,78,4LqkHTCD7pwRtSkrIQSwk2,mcoyish6u
356,1712774468000,72,51,5Pgt3FSjtVOz8BCkquMnCB,lvalentin53
357,1642538510000,89,62,4FHwIrL2z1EoJxIYkhXo7U,lzanetello4y
358,1699219607000,32,71,1lckJrIAh5HzJxI4PbronK,amcdellbt
359,1664062411000,4,53,2UC5XnHA1Wn9FjQmbjNca9,lpeterson98
360,1675036812000,47,5,2fYZG40vCSKNYLDt0rI2JX,ltrymefu
361,1708923692000,63,30,2adQxPZYRc8V004HgbE2p9,ireglarhw
362,1681834029000,18,94,1hns4pDYJZa6EGnL3Xy2NC,sshimmans70
363,1644628350000,67,9,6DEICS9TXi95lAnQWhCfmI,pmetschkej2
364,1686314084000,55,13,7nkxIKWh0PQYwYcKmwt1Fj,bades5p
365,1689924397000,12,45,3OHndKzu5eMJ7OQc1BBRZV,ttonry5n
366,1692901904000,63,100,3u2hc0sNfmCGA0OAkyl16u,swilbera3
367,1696166128000,38,94,2fPBbwgnuJwU32d06ROW0r,bwillisgl
368,1706897594000,63,22,11LmqTE2naFULdEP94AUBa,ahadgraftlm
369,1623701629000,65,11,58mFTXwoEKzZUmofAYoCV2,jmazzilli5
370,1680342860000,45,16,0aV4DBgGF6qu3fUm3SXYhu,htremellingi3
371,1664495581000,5,36,4SDnqFZczfL1bAdzfB55pk,tmiddlemist8f
372,1723912041000,97,33,5D4EyfccDLlOXDRb4XmE20,shaistwellrh
373,1626347655000,15,5,02xd7yuAEiLOF7rt4zlPep,tworhammj
374,1713183819000,82,71,0elH6ukMGLyCHJavHutEza,tdartonhs
375,1632855081000,7,97,29gFw3PNupQzPv0XiYrAXm,sbattinc1
376,1670257464000,71,98,36RxCz8eUDCc6nKp9cvlhb,gwoliter7q
377,1700067009000,90,60,6L07hFT2znB4qaDTfawZJj,cmerrillfw
378,1606371367000,9,70,5lvcJgRBUmmjZQvpI4cInE,rhankinson37
379,1694456457000,42,8,4J3xU5DM3MJ7hTLheQrM9N,ryarnallqt
380,1719125975000,11,94,0PDUDa38GO8lMxLCRc4lL1,wweafer3b
381,1728194290000,55,29,4OCzAGgyWsUKpdWufYywZm,rinstockqd
382,1624515350000,22,51,06WUUNf7q18NZfjIsQFsfa,ebowhay58
383,1667236732000,37,28,4WoEh8QCiKcpjiueiVj58a,csibrayep
384,1650426947000,68,14,51TG9W3y9qyO8BY5RXKgnZ,bmccullagh9v
385,1731153372000,9,14,46CHJama2Dify3nmVcMxdd,bdeedesee
386,1702113341000,100,93,5yIBOGEMo4Hajp57E5LcIY,ojosilevicha9
387,1685163089000,14,12,0nf9RjoFTcOzTIXtmzhRuH,mkilgrovels
388,1663074812000,24,7,3GJlhu1SfJCCBpFo4aiIxb,baldin9j
389,1654241774000,56,57,0DwlpQONUcfEpUXuIR2Keb,jhegleyis
390,1631566270000,82,82,0qYBMoQ6E8EMmFk2MDqjiO,wwanlessh5
391,1621920132000,22,1,7dzwCwvobdoKlIHr9XPZns,klemmen8s
392,1697817705000,18,61,6HnTWNerzv5pB2eHvsZj2p,ktollandl4
393,1688746388000,19,89,6NCylXeJcHOI908PjZDFcg,nedeler35
394,1630736935000,55,94,1p6WtbNY4bDjiFBmSZolJY,ikirtleykq
395,1610480333000,99,6,6RYOf3kVE7ag6xmIddQb2u,emeeusnd
396,1646714621000,10,98,2SmDsqV1mfn1dQ658EHpa3,zyaneler7
397,1631092677000,51,74,2qz4vG6T2PYAYP5YU9dULG,mmorfield1f
398,1691176395000,47,77,1ZfbMOw5VSh5Qqr8hgLCkJ,stumasianrp
399,1609335709000,36,80,7mAYdYyUrkUSArOdSrC7rR,emeeusnd
400,1645468963000,69,3,4eal6YumjvaVuvZj1rPcDR,cbrookzqv
401,1708491998000,37,52,7LMwrrF3Fd6cCri2eU3nP6,knawtongo
402,1634397673000,4,50,6sVs2XaexRTV07ZQaRIuud,anorleyff
403,1708570155000,48,83,6a6hIUCbzYNQgxGFae2iBX,laskey8p
404,1640810438000,57,23,43brQXHf3umpF5I7FZRuig,djoderl
405,1701742948000,22,53,6RqT1YOVMVjDATyYKsBpaO,mtedorenko90
406,1669335244000,49,94,1lac210B4urs5UEVea8uym,sverdenfe
407,1624287410000,28,39,1td6b58gC8XtZ87OTDtoWk,cvondruskann
408,1638040819000,13,98,10zTAGspuvyXqOyQcPDk3M,slipproseqy
409,1624838599000,43,1,6t9q7owmdBEYaePgV8u4kG,cfronks8
410,1720074227000,99,77,4gS4KNWCPUdNWWkn69B52Q,lsmaridgefi
411,1611924295000,30,51,7FuZqK5UWubkIWVzq6l3OT,jrundle7w
412,1609750311000,13,6,5f2zoyMSvYvBHMdU06fgzx,emccluingi
413,1617235545000,16,86,7hKtv99afuqMm0wzBMIvnN,lburkhillip
414,1622770812000,18,6,62s4BJHLdbyLKqxGWxXGax,msymmonsmy
415,1674145711000,52,62,1UYZWCuMG9N2do5ZnvWh9x,mreforddm
416,1640789464000,13,92,1SDiiE3v2z89VxC3aVRKHQ,kalenichicovkn
417,1634198374000,46,34,6vo7Y1iWyZvpjvFbf6BiZ5,fcraxfordpx
418,1729258664000,87,98,1zi7xx7UVEFkmKfv06H8x0,pbudibent21
419,1707386165000,25,35,6KWnBmoNBrUzYB3njC7wAX,jbakesf0
420,1654612759000,91,34,7Gpx2fNJiilvrf9Ss8qbit,tseabornerg
421,1705803602000,79,48,1vqtj4c5aNPKkLS2LXkd4E,ppridmoremn
422,1672860569000,8,74,2mhD6IAZ7oGdRT8bzFI5tF,vourryhp
423,1710668794000,74,86,5Ixl6yA2BqmegVaVPdgkfy,thousecrafteb
424,1690693682000,59,23,3LMlRBwB7dgB4EyA41uwGK,hnewhamon
425,1705877278000,19,31,3YcAw0Uc94mb7n8DHMFWRa,rgirogettidj
426,1607960445000,45,44,4DeQMfE4mEkEjTZFmcIy85,xcrickette1
427,1721390013000,97,2,0AqjMyBqLX3g2EHdHCuXTA,vourryhp
428,1723928673000,84,3,4OFtgK51IxIdZvhcGqCNrL,nzebedeena
429,1643485321000,65,86,5xcunlfaZvD9BDQsLONI7A,mkyntonii
430,1716887007000,29,60,4W3OLec9sTB37yegHQVxOq,wriggeard5k
431,1712516266000,57,69,2gJnn9mG9GIc7YrNzm8pJ2,cbaulcombeju
432,1726322292000,98,44,31q2GRuLAjDCIaQgiXCB8p,adunlop1r
433,1619884015000,49,34,5RnXQZ65F3uEHca395z6cz,imcorkil3w
434,1727381823000,86,3,0sv2nabZcujKIJkX5UuI7b,gsandeson6y
435,1614986218000,20,79,506Fb9ylrjtm85SXaV0E5W,lbrenstuhl52
436,1624700263000,78,21,0THcY95QscSs9NlATIgoMI,mwoodesbo
437,1672450053000,95,81,5Odq8ohlgIbQKMZivbWkEo,mraisbeckmw
438,1699682735000,23,58,6ezauvJT4kX0UvmntXdGQr,btanderkk
439,1695730185000,29,22,1jH7S6LFbIdwyvDb9CVrs3,tkemmons3t
440,1625931338000,9,30,5pvJ59i7JxylN8VB24xdMs,kguihennt
441,1648784693000,6,68,510Cx4YuV8LgaSftK4IAhJ,tadaoaq
442,1718319602000,13,30,3ijCK8aystm14nXveTlJzr,cdavenellho
443,1730221995000,52,9,3bHhUEOTIbezeZ856R0BX5,bwardropep
444,1703107187000,77,26,7biChppM3c8q7qcVl7ceb2,dcorse5q
445,1657013493000,62,18,6Z8oU8xMOie24Cflh2Sw6p,rhelwigab
446,1686800296000,24,88,0YDfXHoOewG9x9fVPOJL7O,akelwick13
447,1656134725000,97,82,5VCUf3CJuflyaCHf7Fa4mS,ieatherton4p
448,1642784900000,53,44,7GDd5maZp10kjA82B9QICj,bstrelitzkibl
449,1690671551000,99,48,4Wd7pj1jSfzlGDGqNdphUe,tellcomef5
450,1609366854000,46,66,4nubm71kpigJmoDqB2qoCo,btanderkk
451,1627440364000,77,82,2BxtysHaWJt9a4CeeE6tEp,rgantlettpr
452,1643554823000,89,29,1k4q7VNAyQXsS4oZFD4kFD,swyllcocki0
453,1633511736000,39,69,2cOu8e31NQ30LZUCu5BJL3,rbesantiee
454,1652397280000,66,14,1j7fq3bwLM63RMFvceb2Fm,pscotchmorol
455,1612368478000,75,98,3QEWEv1tvHmVgsT5THpGDn,elerwilla4
456,1677883654000,20,70,4wWugVbhblSjTsW1fjwf3u,btanderkk
457,1702458766000,23,9,3irY15zmv8TmHe8leleLbN,wfelderer32
458,1636193622000,73,1,0572KbbV9g5j56X5ujG8Ax,bcowlasgs
459,1687974659000,93,67,7N05mAG1X23Sd2PNOyoJSF,ekeavee3
460,1724552476000,79,98,3ajGnOZnyPdKXY13eoPuxP,bmurriganp0
461,1621479867000,40,26,3fMDHUTsNUafxdHduP61Lj,bheifer6z
462,1639343715000,19,96,2CTHn9Pb4MIMuzFnvSSeer,wriggeard5k
463,1620552931000,6,73,6ZTPEPVKQxtZmFOLrdOR39,lleathemch
464,1711887877000,46,28,0IVAlb0cFCH1cQ974iR1TU,probbingspj
465,1708513790000,98,44,4Hpawkkz4NYYaWMIHctf3x,ekeavee3
466,1668278547000,96,67,5JG7sDluJPAh8zcW2JuxvS,raspinwall7d
467,1615808179000,56,90,1tWh1QYyjOE1du04qRuM4n,tseabornerg
468,1715267621000,9,31,7cO2sDDjsSG6altNBcy8h6,dvanleeuwen4
469,1634997572000,14,20,7pLuEMFougkSHXrPBtNxTR,rmaberjt
470,1617077295000,97,73,0V8Q2u0yxJ9yURkjblmPU9,rhankinson37
471,1645494901000,71,22,2kUtv1wP3roWgZADJHPHaz,kdemainek1
472,1682540478000,75,82,3xVxdiakVcOQX02ccqS7Ub,lelleng5
473,1632700209000,76,59,1wAiIIAskptjT45tgR35ad,ereddoch9h
474,1714602096000,33,75,0SlQayvafIPqFFmtq5DlRQ,gmottinelliif
475,1709310045000,60,29,74uG8w3oxSxqhv0xBMXbPl,odabinett3l
476,1657781862000,24,23,6VOM9VW2HspbL77jPEaBxW,fokkergm
477,1641682527000,90,80,0lH6ZqVr2a695QXr8jaAwz,dspottiswoodcj
478,1680638436000,81,12,5tWPl23tRGaEbSz3f0lTsW,kalenichicovkn
479,1615517953000,53,56,331CFIHeefOVTC4F8cmYTL,edaintrycr
480,1712111954000,16,98,5VLNgfTtg05eImDhEsvSGs,mkochs7g
481,1648443536000,85,69,5vOUYERtWnw7CfrxktLrK2,dlaraway8j
482,1669564341000,22,15,3wOaWWJ10JFBEYFAZDknCV,ncosynsob
483,1611886492000,19,52,1u4GsNYG4PPfV8cvxaxC4t,tyankovjw
484,1683479122000,46,36,18i1q3iqyO87q0PwOWgw1C,lelleng5
485,1715950666000,52,56,0zVxig0F4E73HQJ3f6R9oD,tmcauslenec4
486,1722151091000,52,9,0eG50gK4BJqPRyHAWSZbq9,lquested8k
487,1635687878000,2,16,0mhMSxIx2XnXCF7PDLjUGG,acaseleydg
488,1719012481000,71,98,7osKwpe5bLHzz4ODiUr8jR,elokerpu
489,1625581126000,18,59,5dhj9EMLIeq5R1zEo3PSni,pbirchillll
490,1655117964000,89,100,6epn3r7S14KUqlReYr77hA,sjanikjn
491,1718999649000,24,73,4LFJRzaJ3p3pze02cDlTxe,hdevita3o
492,1633627023000,92,96,73Lkj6zuRBzmUJVljC3lcV,jchartman9p
493,1638909080000,54,47,2Jhx81CSHw8xWwBqRM2mZR,dlillimanah
494,1617878545000,56,93,1f37bCa9wTI9vEKp21eIrl,jledwich5i
495,1611460396000,6,12,2Pz9nDcEruL63jihiedMp3,sjanikjn
496,1704799055000,78,60,6FLcSrGp3mGIEQghonDxG3,tyankovjw
497,1706143074000,70,93,3ParDD1MKVZPGagEsT8hZd,dnorssister9x
498,1620695172000,48,74,0fzmXtw6U2FZjZlseViHdN,sstickneycb
499,1676745849000,65,7,38dnalzngd2W9Yuy3xxNZI,kcausley3u
500,1680975007000,27,18,6LWdDVuMwUqlzkb17nQBOD,sscates6i
501,1607023254000,27,39,2pxCOdnHEZZ3A1XRNxjc1v,ashinglerj8
502,1714059634000,93,58,6qMho3UWjzQue4BOWgOcpS,chearnaman42
503,1671136696000,62,45,1G3QPQkoXvpChjNUhd6Tfs,nheims31
504,1694428028000,44,43,49vFnqwiqTnZVwLZyRLW3B,arookebynv
505,1612352543000,76,54,1DOgO7ek31amB3SF2g1FVH,cprayerbz
506,1678006191000,79,48,3ee8Jmje8o58CHK66QrVC2,anorleyff
507,1613641328000,45,78,7aU3KGK8rcyRgaHkxLLLFJ,pmickancz
508,1661910476000,6,18,2e7LBdeiidf0ZC5Qj52u0G,bclaricoateslb
509,1606022233000,41,66,18DA9kxKKd4pjjdanpDTaa,slittlepage3p
510,1684306034000,90,9,7aySoZnwt7c6lA54qVVUOk,acragheadgq
511,1609676409000,76,62,6boYaYafMoyPZAw8VMasNm,szanettifx
512,1687848400000,14,67,7q5n3GOK0ckWY1udaSNFXt,dwhightmanm6
513,1688871158000,6,83,7oQ8pTAe783QS0UwOmbHRb,ktretwellca
514,1620957491000,76,84,6jBjT54uoj1ortBRNOKXaj,hyouteadiy
515,1611819898000,52,20,5I75piAbJshLXw4t2Up8zK,ccastlemann9
516,1638481630000,65,84,2fifrxk02FYmyR484j0beA,anorleyff
517,1717182104000,76,44,3fP8KXXUoBenEM46UZZgSG,jpattyl5
518,1691900992000,21,94,07oas8KpAMIkwuetf81Zen,sjanikjn
519,1668832249000,52,28,5sqvkaJmgYFW1Gj9G9mXBr,ncamous92
520,1647015385000,24,100,3QBZhGyrmH16X853rimdE1,dpalke2b
521,1710860799000,65,90,3IUpuyEMIgt4GvEZ2TqERF,rdeboybh
522,1678792689000,61,53,7mnMrnNU0K0EPFPagkgjKw,ctreneerpe
523,1718682519000,67,31,6Noj1s3Ld4BsiKPe8sQOKc,hswindleyos
524,1610451345000,97,13,5Yy3P1d3KtH6fBRjlopY3o,cszabo2h
525,1625942807000,36,12,4BoFJMLSO3ZoD48KgnslSe,smogganjh
526,1723020995000,90,31,1nHFlSJMCcEPCRo7pxpOAR,gmardyrj
527,1664737166000,33,47,65EjTv04s8iJB5vBcOolqF,pbirchillll
528,1627184394000,62,58,4eUXglxngkqBXw7kqeMgKL,rhendriksenkt
529,1693812807000,72,40,5GgUvrnmNeJFQifGe5Ywpu,rpetscheltc9
530,1692087506000,41,94,04iuSHmvoB24V4z25Bmt12,zdrewelljo
531,1628562979000,21,20,6LFXmq8DuXrxoyrPz7c5Lw,rbartomeuk3
532,1725893162000,42,8,4ovCrCSU40yOKrvEeEoIL1,pbirchillll
533,1690725227000,42,29,6iy3G8awTbXkNF1amHRIlL,bsalmonfj
534,1726452455000,77,25,5p0gYMQLBNXX84s2kmw0DY,hguirauoq
535,1610656469000,67,86,4wLJSKfwBPNHZboMdKOIjX,sscates6i
536,1661968380000,68,100,3dKlTiPC2NTfrnlmM43TuX,acaseleydg
537,1708205220000,30,60,7MghdcQcQvYdiA74yUdren,irogans7b
538,1615264002000,52,69,00YU94LCvdDLplDmXCu9UO,gwoliter7q
539,1717500261000,32,75,56mDZM1hOpbTiIv3ImqSlc,cramsbottom79
540,1697598794000,81,16,1k9BUNBGmwXxV9MoK7wwdX,lhuertasek
541,1608081615000,17,65,29TwxxB7NEDLNzrjIhg4dn,dblayd6g
542,1716710403000,7,89,6VQxMlqVst4NuYFWstQyls,efuenteze2
543,1710949992000,36,40,1W4HRVav0RiWpnCW6R3Kf7,rmeere5u
544,1651274077000,71,39,3d8Y8re4ZAJ72QGlLFoVIC,nmeneyerb7
545,1628409561000,20,81,5Gu0PDLN4YJeW75PpBSg9p,kbartalettiiq
546,1688764882000,3,12,3yilgLESv6zoBnGPsRM7Qh,nshermoren8
547,1653697916000,87,92,0hnUdyxN1I87cwHunLCCgR,gbergetq3
548,1693744938000,13,53,5ILYK0JRTx4F66sgJX3Tfj,nwogdon38
549,1720552846000,36,90,7AEOf1U0qEM0PxB8FtWqwX,jboaysi4
550,1703482010000,83,80,1RNvLhPx2caxx4xaDsTNq3,jthurbyf2
551,1650631969000,42,63,5jTnpbclNqXTV4trZSjoJE,eflecknellle
552,1605704295000,62,83,1oB5LE4GXJk9jIXxgJPglc,tlivocklf
553,1690581913000,35,8,1jYEbPiJz0e0vqW1aq223G,ddealr8
554,1697671610000,18,48,7GXqjUHhDUrQXZwO8aHXGS,dwoollendsaf
555,1669456315000,54,19,18e3gKAlvmcKNdpFOqDFPt,cklejinqu
556,1633127914000,12,73,7yxwAEwY9LD120AcB4nGJx,hlerwill4a
557,1646178414000,40,41,1bZH8L8V2m454tdcSPEIl7,mtaffeqf
558,1643596414000,30,3,4PKzHiustbbqHoM2bWfTQ9,kfant6q
559,1666321261000,47,27,7eDCoOxaczn7Uwoqtogu70,vdickiekg
560,1619486825000,84,42,0wZeh3Nntr7XpuZLsAjCzs,bheifer6z
561,1683183278000,48,70,7BhAdDWaUxtdeGkjqZEoi7,ckellandh4
562,1694754919000,44,85,28eZSuQEQG7lskw8GHP7GS,dcromblehome8a
563,1662122024000,26,69,5HiAN0PZVXUSMgpiqrScC9,spinckstonebi
564,1730779188000,93,52,5KKaKUz11IqcBQ5loBRRX4,esmailspz
565,1690784811000,41,24,373VrlgiO8PfWBIFsAXvqH,bwellbankeo
566,1627926544000,43,37,3kU2XrKndUNFrVW6UwVML1,mhannentez
567,1717728708000,4,13,1HFfMOxCAT4GAwaPfCdmUs,sdillimorekd
568,1699098472000,3,81,0AaEbPXWdeiW6MbW80Eibj,fsebright2p
569,1609608654000,43,98,2RIq8jJy01rwLYXTGuVILo,mmcmarquisb2
570,1629377767000,90,45,1aWAVNXQgQWYikcXKRAhPM,mverrier1q
571,1640844351000,8,40,4IaZWtk88n1RD2IHJGUrxW,tstarkjr
572,1682178433000,57,64,7zbAkNH3VPpgQlUVA60Dzn,ggianillil1
573,1654298957000,43,34,02UfBmMerddIN9u4AF7srK,hgettone61
574,1695648290000,86,20,7a1eeiohPeKfdKC7wkOlqg,bdaynterra
575,1683933193000,93,26,1PfLmjg83VihYZJtVQk1bX,tbraunfeldhl
576,1689968472000,51,100,2iOKDbXoqcTENod90jSmcH,sbradshawh0
577,1640395658000,80,78,2C2lQx0ELwvVvbDFO8dPtU,rbesantiee
578,1683358160000,54,61,6R0h2t4N4LhdEiqxLmFqpP,fstagge8n
579,1694793117000,55,62,70fiaCGcCBWCGKXXISgdJf,adavidsohn6f
580,1728021506000,83,2,4kW52HnhwNJZdi9D91v6Sq,pmapothereq
581,1726013430000,82,33,51bUSRPB88eIc47mvE8QRK,lgremainlp
582,1614888743000,3,72,24NRxtqD6oySjRnAZxa4Hf,bsyslandeu
583,1711285617000,64,97,2hRNxkgCScd5yxbTsrGQR4,wneill7x
584,1670536295000,99,86,4nb7jXzRc6ubMZF3q2rTTO,kbentalle9
585,1614679799000,63,97,1PpFbfG447nP3TZtnZwDkk,dvardeygw
586,1728497185000,51,46,39IPJdqCUTF1oaCRntH4Yl,nheims31
587,1707855302000,57,6,10t0BfHUkq9iKZzOj4LY3c,rpetscheltc9
588,1691622710000,72,75,0SLE0Ym3WhxfHSDR7Qd5pf,pqualtro1z
589,1716437599000,77,94,4Kp8KPdrC8S0CVR6CzS48Z,emcgavigani5
590,1684485005000,82,84,5Ogn4J7BiPGa797n3kEWHb,elawn23
591,1677006488000,74,34,1u5t2GH0UlonZZaCM34o7x,ralps1p
592,1612931454000,48,3,5kNCog1amNsI8z2iD5634p,kdebruijnl0
593,1695205443000,77,35,1tQ7g3atJDUiwXqwCPQks0,dsongerk9
594,1720437954000,44,59,6nTiIhLmQ3FWhvrGafw2zj,jmazzilli5
595,1605696569000,100,65,4iBwlcvyY62omdIVfZGWn7,afremantleoe
596,1658508584000,31,52,72XWsiLW8q2g8Lv0a010ha,mhannentez
597,1710748713000,9,10,04KFWnc7aEXoddtAaw2Djn,hswindleyos
598,1631538544000,17,6,61dht7XTCDnjRa3f1HgVdj,jledwich5i
599,1704278791000,49,30,58AfuE1QTEt30NWq2N1XJh,bberthomeew
600,1621399445000,28,62,5y0nMZC5kF6uLYaLc97mSo,cchmarnybg
601,1607303628000,65,43,20R4HfKloPKgXDqU7UKk3x,jmacypb
602,1729316123000,95,43,6ifUES3keWjwXgae8pXI3o,bcaswilldu
603,1630303092000,92,13,28ISI9ACJ3Z3tQ7rQehHlZ,pparkmanbm
604,1631989386000,46,68,1GJpSs6JeWWzmURcvUoCk6,dfarre25
605,1689247033000,47,92,34p4d1RRVLvfg1xKEJfPvW,shedgecockx
606,1725782525000,72,93,5v8aEcHcaJIGYpfVVPtJjI,jhelmke3q
607,1628979682000,30,93,0W15FUJGqqbVNvHGYR8nZk,ddosedaleo6
608,1705184866000,52,35,2w647JfE21aean203DhIWl,eeliyahuly
609,1629334909000,67,75,7ooqiuouDji1x9gvnGUTo1,laggusat
610,1675097297000,2,47,2iqbpaA6pCifjcO1Lt8ffJ,rkillick12
611,1684222925000,83,96,4zcMBfbQZvBSHQBGDd6gsN,lbutt2a
612,1642374784000,83,80,2lgNhiIHOew2JoPxy0f5Tr,wmaren97
613,1690717071000,59,51,0uqFo6F9DppKZtwm3zhG3s,tredsall6n
614,1691325201000,46,69,6blPqhX6DLEQ7rInn79qlM,lweale83
615,1668399328000,25,7,34MmiSex3YhpGXyE1Xrzpa,mmcallenlj
616,1724165428000,63,23,1EkiKKlmdQZI6RzWjnh30p,jboaysi4
617,1679131628000,79,94,4rS8pri7CQvOjWmfNBOm8B,ksiddonsgf
618,1606561170000,86,77,1FsOlyu0ABx1QRi1aG6ftM,pmapothereq
619,1660120561000,7,87,1uyYFFjHvDeOTAhNydCURZ,ltompkissrb
620,1649639412000,18,9,0ekuaPp7dcww2tlJsa3imW,kdybellkv
621,1626477972000,40,91,6170lJSBtiM5trzOtHtdD2,fpeake49
622,1703741207000,85,71,1qu73VjSTHJOp9ykWrUCc5,pdagnanni
623,1635725132000,10,18,5nHwX7e5XHnie22nuTFgda,dstarkingsl2
624,1657839913000,34,94,13a2v5JNOROuvh2MBMWxqb,reyer67
625,1723640506000,7,65,7zkHPlyBhoJXiR56Y8jJr0,slittlepage3p
626,1691737185000,21,20,3gHqqfGzGlA6AomepHu4zj,rmussettini16
627,1712209987000,46,93,1F5eHKlCx63VBduysUpcT6,bgisbyr4
628,1657915253000,36,6,5y8zb3grlQonjdqd27K39T,kbussti6
629,1656275525000,7,64,4BYVQZQizXAvMvAAk5Q757,bfaldoe9m
630,1618826326000,64,47,11NT523llsajdTS0yVddPR,ddinegesc2
631,1682414576000,24,13,3kVyirIHDFdw7A6IZ3VX7b,blidden6e
632,1729738696000,51,60,2jt9VV6QGn0tbwkrr26OO6,bpashbee5t
633,1634604815000,84,71,7aQT5OB4zEgyyxfRDbOBIt,rkalf9e
634,1620707187000,33,24,3vexyV4q04kmQSTbw6Kjxm,ajellnx
635,1636712286000,18,37,5gEKRH0MCSegG8ZISUPaU2,cmassotpw
636,1655372089000,34,29,5hbdtgKHy27J6bmsGTeehJ,tkreutzerc0
637,1611238216000,44,74,5EfmjmEwrhmgbJl9uhGQ5J,ctybalt3k
638,1640593064000,82,88,2R5Zsb2TtsjHAEJFUZvf7v,gmccritichie4h
639,1623440032000,9,25,1235OqEAiQvJp7jAmc96dN,skeigqg
640,1688715845000,25,87,2LGCSirqJYrPkvIwIsJBns,enern7o
641,1706178965000,27,73,7ApqN9JuWMavf4px2G773r,smcerlainehy
642,1659818243000,58,34,0uoNRN1bvHcsGrrTa44Mj7,ctilstonnm
643,1632114343000,53,88,3UPAXvbgKK5p7usgtMwbs4,isavil2n
644,1606236333000,71,89,2Pgc97g0nMT8zTtumxVrXv,sbradshawh0
645,1654919734000,76,55,5FXDEoou8xwImUJH3mLkAE,djemmett36
646,1632128241000,24,34,3YN8XwoaJH33O628915Fhd,rmaberjt
647,1669109917000,78,65,2N0Xa9oYEcL544AH2qVQME,blegerh9
648,1619118015000,1,33,2ZXXwpomdj8xBYl352iyKH,thardage2e
649,1643045974000,64,38,4J8IVpeMHd99SzsslJhODq,ddacke6v
650,1618106846000,41,1,2EJtek4uqMsnYYd36JiBSQ,ogarriganmg
651,1611833275000,24,91,4Gv3rCroAsujDNq4QqbNni,ffiggsbv
652,1665971501000,7,62,6FzXbYmMyhWnmAX6xOPb39,jboaysi4
653,1729233628000,17,30,6bJhqWNOkcFWfFogVxMxxv,dearthfieldl3
654,1728901780000,42,73,1L4GGLeWoCRwvfOZowUlWF,lgaley99
655,1678927851000,6,64,4D9zE5whi3SlYA3oCi6G9M,mtootellnc
656,1723797355000,70,94,3b9hajyERrBTokqFMJbxdZ,lwomack5j
657,1682039566000,76,79,1qi64DOjaB3BQDGZmNg3AG,dhayerpa
658,1687540419000,79,74,0iPoliC5oojtwGP1fGET63,htremellingi3
659,1631982762000,86,71,0Ey0BnhP2exQWpw8xuHar3,cbaylisp2
660,1729858588000,100,17,3zeh3A8ipNNeO18Xe9hT9e,mobrallaghanlq
661,1612215136000,81,42,01gAPdC5tQpriXreNcgKNr,dwhyborneb8
662,1705761998000,88,16,2R5Xoac869473aTCjizw7E,tmiddlemist8f
663,1659566410000,96,16,3qocIndboos2THBl7JXiDJ,ebyehz
664,1678544973000,30,88,2nEntnpNpsJNhw1wLY8O96,oyokelmankx
665,1647118564000,67,19,445XlOVyjyGvdrQfkQA1lg,ewillanb9
666,1686303036000,67,79,67BBiapzLQa1txu158RS3S,cmassotpw
667,1670565685000,23,61,2zGKXiqO0irUZWBL1OJFUy,mclimanceci
668,1652392375000,79,22,4yNdgz1fkB7vF6XPZgdEp1,pritchie1j
669,1640500223000,11,33,116dbNcyFgc42peaWxnA21,bsyslandeu
670,1640312157000,43,79,2ue7OlgaRqX4Uxg0OmDbAt,tmcturleyef
671,1640125290000,24,96,0TuQ4wmBzjFFewYkYv3Cdx,jallard6j
672,1721014458000,96,2,3OPozjaFwjjmrgdkUMV9TD,ntowey6a
673,1622283858000,69,91,7Ki4wIn6Ifg2xc2oZ1tjRB,fpeake49
674,1706460666000,68,60,2wEORIRuWHDESxHOPUZ4dq,dduffelld8
675,1673901003000,56,11,7uZzcSuMJnd2bvjXnTzvkG,kspringcn
676,1631313640000,43,51,3uwnnTQcHM1rDqSfA4gQNz,gsagerfo
677,1650781711000,29,13,1LzNfuep1bnAUR9skqdHCK,livushkindy
678,1632373328000,44,94,1UkPFjuFyZhHJ65ekc8VQZ,vbrashaw8x
679,1718412958000,61,47,0HS08diM8VNq8zyEi1B0Zi,fpeake49
680,1684619539000,64,83,0Q7Jp3aCwfYnSnbMDoXWyR,tkemmons3t
681,1662258093000,26,50,0bS4HId35JIx1lPPevNqv3,mjoontjesae
682,1676933352000,54,10,0ccEtd9vMVSjm1R5y8R4xq,phateleya
683,1723868030000,89,9,6xpQMq4xTYKJp1mxdCIOvT,ifish3e
684,1696604989000,83,28,4Gzpzsew2wogr4iQSlT54W,bcaswilldu
685,1620972566000,46,90,6r9qDqJMdeMTWvHAcQfsHg,dpoley8h
686,1679354677000,13,91,6loiMQcxvepOgfASkYH38J,rseedullik
687,1655574468000,4,66,2VklnFamAoZ1b9a5Ljn6Br,rseedullik
688,1727646036000,25,82,2GXXZFUxYg2LvG8SR0byOE,iwolfindaleo2
689,1693823069000,11,18,6htflcCWH0EgwhJ7YAX4Aa,hhallibone2
690,1700555951000,23,22,1QJN61zuPWRy6nj58ndREm,wriggeard5k
691,1615629986000,80,3,6ZEhGQ5igUlOjA2ZjoIQX6,gbergetq3
692,1728246788000,85,15,7m9lrMzOMbFWEaRISYukDY,lsmaridgefi
693,1655025050000,44,5,79HdJNpVRWaU1YHWnR5tMo,rbabonaulv
694,1637792912000,98,20,2JV7HECAjksEeHh31Pg8b3,drundall4w
695,1665197937000,47,45,0Y9F7ugCKHrvcvWXvrTJ5G,csnedden77
696,1658518295000,11,38,2qZBjaOuBM8M883Bj5mk4R,cchapelhowqi
697,1720613829000,66,53,4FxuDdSt4Y69WsqjVYBww5,bwardropep
698,1691818728000,98,65,1Og1e0fnFgZpa0XiBv6GzE,mtedorenko90
699,1684301803000,47,56,3fW2vsnQdAJYRiKJ2pNBQx,jallard6j
700,1692553260000,85,39,4HQatJkQlk3nVZUmRrGQlZ,esmailspz
701,1644394109000,65,96,2EWlhbIohtAu8nBdCBjnEw,vourryhp
702,1705817351000,12,94,3SXsfyC1DgEp7ehmJzWdky,mwoodesbo
703,1638801068000,40,22,6OxlfXD7ZwwColii4KVrki,rdeleek9f
704,1654227050000,94,59,308d588lB5zw6kmWUuiP8w,ejagelsa2
705,1679489399000,13,20,23zmMwD99ROi9yhxqMxWil,gduguidqx
706,1729295559000,41,77,3fqwjXwUGN6vbzIwvyFMhx,blidden6e
707,1659212424000,48,96,4eLGLrUxi7A525Ud5eQcY0,zrobken18
708,1729695903000,40,62,59TLlOD6sH4cCTSF6ITRkA,csibrayep
709,1664908125000,43,45,3XiXQ42tLgjSL1QkfLJZQ5,ahadgraftlm
710,1658247517000,60,65,1yWRbOzBD3d6C3Ttu3xF5Y,njosskovizmu
711,1613613910000,19,49,2Q4pURD26fsTzOlo7llhDm,adomber
712,1617503861000,90,90,7nTWWVvcAqC34Q4JVyovdG,lhuckettq1
713,1617699921000,49,58,0uM8b6twu8CQtFQ839jkaq,jallard6j
714,1650515813000,89,98,2bySWrm7uc1BewjJQrVHkq,mgreeve3y
715,1690740365000,68,23,0MY5mMChzuvL9qWKTVOfGV,godulchontaq4
716,1631011953000,88,61,7rSERmjAT38lC5QhJ8hnQc,kbrimacombejy
717,1726781600000,16,32,2ynpXSsqC55wwzmt35TjLk,jloan69
718,1688235368000,96,1,3gFPKPgGcyF5uicR0ODcXp,ereinhardtb4
719,1682845468000,77,50,2rvpwtwztUzn1OagZOYbAT,pritchie1j
720,1615313254000,15,76,4Mg3YzlEp93OhGQol4VqXL,hgoudieu
721,1639522693000,76,85,6HZVxvuufNgDpqkWLjZ2RH,tginniw
722,1613643390000,35,95,6SkO0Mnxcevv0oXY4PHKVr,sscadden80
723,1676102372000,25,87,5FMMWRJbZ87ITFCoCu6XAh,dsirmond9i
724,1695028917000,11,61,0ysTJCguBamXVvxwR1BNzE,jlowdianepg
725,1665779922000,74,85,6liTHubwS4DQKZYFlkSYYz,lcollatonnw
726,1677118765000,59,42,5n5IxMcG2oV8IOzklsW6Vd,nbadland74
727,1722446160000,58,58,4UfEoZhydEepAaggFcRf3e,tdowyerg6
728,1728728522000,87,45,4lHElVXnT9H9laiY2HCoJg,bmogerd1
729,1663225020000,56,40,0rmg0BnI951Unz2OjbGnli,pkibelk0
730,1643176665000,63,23,13hQAhg1owjTpTcI9xQc6c,rbartolommeo6l
731,1686087812000,32,73,5fnLO61WbtnPO2weoEflPU,lzecchetti3g
732,1725088534000,50,73,0x8zemElrcc6IGP2rsKVlP,mhospital89
733,1648139143000,22,20,4TUStFzBGQqn0GrkzVWFV4,mmorfield1f
734,1716783360000,96,10,07HQnDHc7sxhTlWNs82wg8,tarnouto3
735,1719594713000,51,2,1KVczjazCcCCgM3gXXUl47,odoughartie5v
736,1694555772000,85,38,0888Sjs2LKpRLCPJZKmtEd,jbyer5x
737,1722642748000,18,71,0PUu1lpGVLcpRqBBWVY4Ut,sgilleson7s
738,1665254200000,6,6,7nqtglf0XM9LQWtqeULyg1,htamesao
739,1680245347000,13,70,3aaiAWCet6sbfOfLSn3g7i,zrobken18
740,1636887544000,72,92,6iItThBHJPM3H7JOHx9gn6,nmaccartkw
741,1709518987000,84,60,1h6NF4OErecHfANsoGV32h,odabinett3l
742,1709110512000,96,100,6cSbb20D4BSajDoXuu6QtF,pbudibent21
743,1708617955000,29,59,55Y4oE6oE6XBT2e71vK2yA,grumney6x
744,1730004469000,4,64,39shmbIHICJ2Wxnk1fPSdz,troyds62
745,1689539581000,93,75,2FYdec3yREDp9gIoaWMOxn,ccattellionre
746,1631974679000,31,96,7nH1DdG8js8Cu7CMbRCYqG,smanderi7
747,1714254108000,63,42,4yRemvJmZaDapoeMXaOYcN,mkiltyg1
748,1615405421000,51,62,43Rtr7QpSPTHcFVru79fXm,tthackston59
749,1672400480000,43,55,0RSt2x62OWtHnVlFf1YQrU,kaucockok
750,1631149677000,73,54,67WyelF7lt4YWKXcay4gca,lvalentin53
751,1661567048000,83,66,64Xr3AJldVt67FuaQBzCyM,wwanlessh5
752,1608183155000,24,66,60ZCS7ttJKqGZU58kOxTk4,tmcfadin87
753,1631687756000,73,38,24SfDD792AiYLGrHAlJg3i,rduester2z
754,1624288756000,33,59,6x1TTTokRumrQK4qqZONtG,nguilfoyle2m
755,1639618015000,28,20,6qLEOZvf5gI7kWE63JE7p3,mtootellnc
756,1619132552000,84,70,2ib4hjaOI9NB8S19GNXdVQ,ejagelsa2
757,1674249960000,28,43,59XAQApPDhjfQJo3OCfX8M,cpeotz51
758,1631545898000,41,80,4ojhzCF8OEkl2HJwssewx9,emccluingi
759,1626077094000,30,27,6wfFsXmUAvscjjoyIkHWg7,sfortounnz
760,1654966855000,61,4,5I49PGcxUCZFoMpZ6s9lj5,jporcasgy
761,1652013809000,35,83,7GAuCTio7iNylO0JZY4nda,cmaccauleygp
762,1668368947000,48,44,0apCPw4wHWMtW3DPR6Aou7,ggummerld
763,1630321334000,77,6,6yBVcsulkHwSDPbydL25Qk,kaddingtonb5
764,1721664039000,45,89,6h4CZWNsJazvf9JNw4x94X,laldhous2r
765,1700102932000,4,50,1KcjWpoH4csZvBhnWauYxa,shousbiefz
766,1724325106000,26,7,1sBGKVkGtoyxjtVKp5Vz2K,logrady7j
767,1666039493000,6,62,184ImITRjcX2h1awZ4WVT1,mobrallaghanlq
768,1661076574000,89,55,45qkjz1abvvi11Qz1Rjd1k,njosskovizmu
769,1618535948000,17,88,3Z7v81KhZWSRrunCF4NzPs,lswitlandbu
770,1608319497000,57,58,4gOB5dnjiCNc6M0P79m1Qa,tbisterfeldk5
771,1667762049000,67,15,5oJaiEzZIgmFDtIv0dZc08,hbassinghamkr
772,1666919115000,53,8,2fJ448Aj8oYxHKILgqr6Bx,wfelderer32
773,1615805269000,27,99,041vpMVqrDfFKLQXyMkhKT,dinglesonlg
774,1632301328000,53,73,1XIlhPjBt4udymVWzcPrwm,jlowdianepg
775,1647157078000,35,96,6laMXF1yMj9jCi8j4OSdoG,cqueenji
776,1661979173000,57,44,45PEs9rgK7Q4gcxwOsPM4o,ygiamuzzogd
777,1691989663000,89,68,2A9PS0ab2c3Jl8E4pRXYW1,kaltenb6
778,1661930383000,17,48,1ZitTmSr7Qj4M6LPHnxI5c,ldrummondou
779,1625131289000,53,91,2mVEDMpHXmjDRGEkyEvH3y,ppridmoremn
780,1715519112000,11,29,2cwA2OZl1qxRzlvgpVwcj3,gduns3z
781,1616160628000,14,65,3RUR54BkECnVhHflf67rSt,pmathewj3
782,1652722984000,94,34,59GRvXZLg7H7DJZkw4D7TJ,bargile6p
783,1638069938000,35,8,2IbztleYrj67nOjHQATCQ2,rmelbourn3j
784,1653764337000,21,64,3IBoPIzNR8NhllqeWQV3ML,bhaddintonh6
785,1730622180000,15,58,4gEgGD5j02KyFYlQeJq2FG,dstarkingsl2
786,1659832950000,66,15,721Lxh9pNJJhNERON4Zjmw,mblamires2s
787,1683890926000,100,27,2fU4JsAoRiOam2azK907yb,cmaccoughen86
788,1715430010000,25,22,56dhkwFTzbq3AS54dguEEH,rpauley24
789,1691257100000,17,73,2MWyE6Zq6pZREZGNxz27vz,ctenantlz
790,1692978664000,48,14,255raqVBlqXeB9FFxIKOH3,ralps1p
791,1658398482000,14,21,1OwD4SeTFdUYZaJkbGcPuv,abedwardnl
792,1660209614000,82,79,0sY09XYUgItQQbHAb6hLKV,rmussettini16
793,1674641488000,51,85,563eOsTuwa7hZomJl7AI4A,ieisikowitchr0
794,1626805084000,68,29,4xlpJ99yL9xYQtzG6c3hwk,spinckstonebi
795,1711973812000,38,97,3x1goJzS8hkWGVHJnBiBAj,tredsall6n
796,1686732411000,51,56,3QAxGU5rQVhTsPYVuRBpIM,bdunbobbinad
797,1620001364000,50,41,2MxDUuLjw2I7NG9wCQBkrO,bsyslandeu
798,1619055107000,25,48,0NfSzNHMPFebUH2hcBXCmQ,akelwick13
799,1651959305000,63,7,40VLfyflL7bJh2e3lNvV9f,rwishamdf
800,1729606643000,19,82,18hNluggkM6jZO3muiqnp7,rpauley24
801,1718308209000,58,26,1AO5q3PNXDWNwgern0S2zt,kbrumheadjz
802,1612186389000,38,13,0hQnWNnpCxU7dE1BkCAbXt,kfirthit
803,1633410670000,11,68,127PerKvmbU6uTddgKjLJg,sasche2c
804,1672011370000,71,77,7qKMFqPDqD8QuwGutv6F5m,gprimopv
805,1660688401000,50,70,6OOkKIiKw9jbeqWJMqF1jc,lbrenstuhl52
806,1693250261000,12,17,7GfdU12uRL2xtSQcRXmqNN,mnearyhd
807,1716381434000,25,64,4m7xhw0LE491EBBLJpXcUl,wriggeard5k
808,1614480759000,30,93,4mFZ4NKNLNVOugne8um1MT,igrzeskowskioj
809,1686624176000,61,46,4cq62MGrYV4f0LHARaqar3,ejagelsa2
810,1608483114000,30,34,6fSNK6QlZskYmKTvJnNH5P,clestrangeh1
811,1672228835000,46,85,4OpPtBlAU2ayk7rS0SyxlM,kfabryh3
812,1667867891000,62,36,4Tys2WHEtI398byk6PVAGZ,treveleyr
813,1719610537000,89,62,7c2IApOeLTZfrB5dVScRUP,ajamotfk
814,1706594488000,98,35,2Uik6DjW1n5CWbRNdZilV5,hboormanf8
815,1666359299000,64,81,2QvQpwQFp8c8RJ4w7c4STR,egreenshieldsa8
816,1666770057000,26,1,75u9QEwn85NiiDrWmsDPu9,aciottooo
817,1707517578000,59,21,1RMwzsPpiRZhOetMHvrWIm,dwoollendsaf
818,1639327282000,39,93,61tTaZhoX9wHV7ofCbsTDv,givanchinib
819,1659411812000,44,20,522HUBL6Rw8VV8YNcg4iIB,brattenbury84
820,1618435898000,56,59,2rGFYChVuzHNSfCA5eO7mD,hchristoffe1i
821,1729566721000,10,71,4F6BynYVLvYxM6q1gMDdvz,sbraddgn
822,1696258886000,35,49,57buRfUBYm7fFFoIM78qbs,mtedorenko90
823,1659853953000,17,69,2xU5GpL58CD8rNXzqUvyNf,myanshin2v
824,1622234074000,49,21,28zGTndSQj4JT9nCPHRoTV,bbaison9c
825,1636729174000,27,15,5RLqStJnjZaSgvy2AzDeWO,acattinia5
826,1647653477000,9,90,57WkOzvuw0v4XadnZ6VvvA,sshimmans70
827,1653304601000,51,3,5a7NdkF09AfD0H607eiOkX,wcollycv
828,1671055921000,76,92,0JNV2KO1DCwcyr4dqatad9,bwardropep
829,1646596561000,77,50,5jkqw7DBUxKnLf432tdI7j,dvanleeuwen4
830,1679573339000,26,66,2ULz1p7TwLp9n6dJWFTgAh,rjendrickefl
831,1728631615000,17,77,4PCOQF3yK2rwej1UEiag0B,jitzcovichchod
832,1705749218000,41,67,4ogHSgRXA2dSDQua8eOJ1a,alittledikep7
833,1683509613000,44,20,6geCWidV8IzvJofE8Rk51P,jmccroaryau
834,1643364827000,52,64,1ziOQdxREUrqIaGgX9Ln9A,qkemingco
835,1611270415000,70,96,2U9pGSOzVrF4Bb5IRhwVQd,igouldcp
836,1683999879000,60,91,54UFDHWI2q7WHfrGbSNWph,akynastonl6
837,1712265769000,88,39,1Jw2m5Qdqk0EG94UjSrmmG,cbrownsworth71
838,1688250803000,6,76,1CuumKZFOismWvJqwFo2Qy,ahadgraftlm
839,1661841924000,82,8,08wJbCCTfaSb9d500Q21vX,eenevoldmx
840,1654082556000,36,22,4AtyyejGGiURUVbB1HQ7y4,ralps1p
841,1707134465000,45,67,1k95ZBpBH1e8ZG61pjYwih,tewingda
842,1620488244000,86,61,5xYdmybQDEe6VHYY9bRXcs,mkochs7g
843,1610777092000,39,26,5LqdIFraDk9bpzD0pRoBdl,wdietscheil
844,1655943210000,71,83,7fLTytvnvxy653VWxflTRf,swhitakerdo
845,1648623640000,74,75,4BMDC0gqzRyIDQ6vWBUNSf,kbentalle9
846,1698756380000,62,13,4ryTGEMh9eyb14WRdJwk7Y,nshermoren8
847,1649809944000,25,96,3zkWCteF82vJwv0hRLba76,ohentzer6w
848,1725748709000,13,60,0SsoCpGsSz32oyQjsvDZFu,lislepdh
849,1727249448000,26,81,1AtwsVXr1zaZf4YgIEOlDK,trobbedl
850,1727663246000,36,13,2RCf3uUVix6XzRU0Z8quJs,gpickfordnh
851,1620187698000,38,17,4QAf9weI18Ox8pArQknC8f,mhallattoh
852,1674151130000,59,28,1C0CaMMelcgJsj1ztKFlax,kbeverstockex
853,1700187189000,6,54,7xjI0VdfXwb0ARZDxBCNmC,mleacydq
854,1667235798000,21,29,6113McC3tLeOTtkzVrGACm,jrundle7w
855,1621384382000,86,23,4eoXWiept4fSym0JbHTW70,emeeusnd
856,1707466707000,44,14,4IhpTG2Kdtw6naxkkWoPer,shedgecockx
857,1681709591000,29,70,4brSaQIT3bnnE41D042fgL,pmapothereq
858,1679614325000,98,60,60iVN2c4KpoB9teVSBzmzt,gbabinp9
859,1633945508000,36,76,12Nbr3tbxdEyqjcHjxNM0O,mblackabyke
860,1663050327000,29,76,1ltf1XEP18QMCMRRQtFbAl,rgillham2o
861,1686534498000,33,88,6Qe06wKerHNZWPWGZu6o1f,odix1l
862,1610970893000,22,44,0Cz5S00ll33KRLVyZMe8Yi,dpoley8h
863,1605499211000,70,67,0GxIAMtKFYTQZpR1avO6HB,djonsone5
864,1709684857000,14,84,4qewlfCGmz8OTWDZQXneAM,lshorbrookog
865,1703111296000,64,6,1EE5SUPzv0K9sgIOSgaiNv,ccastlemann9
866,1667662582000,1,58,02FzDPhxAoCZp6Fz4GzMmL,smcerlainehy
867,1616418968000,36,67,1t71X6wy1XVNe1YLE5O1uc,rgehricke9l
868,1688550890000,65,55,0bWAjywvZX6qiyy6R0ocWz,lbrenstuhl52
869,1609424464000,17,81,66TnIRXFDETjxQnE0l4KKD,llundbergps
870,1691586324000,84,19,3dApO0DoZinSPrKKPhoKuz,cyarwoodam
871,1709112052000,71,65,6dIneNWcDmYaszGt71xgBR,hnewhamon
872,1632580876000,59,83,3OEhDPalF3guursbhSRhBy,acragheadgq
873,1640869557000,64,54,086oQtEFGVPHKH4TmB024u,nconeron28
874,1610700110000,88,14,03sKaMN0mq5p3ok6z2xYVQ,dfawdry8y
875,1704411464000,14,76,2If1VToygnQvFelgqdt29l,godulchontaq4
876,1615256752000,83,48,0a1IhquYi4MeZN7Pn1WeHg,jtugwellrd
877,1689083940000,78,7,6XHVuErjQ4XNm6nDPVCxVX,mkayspk
878,1726580580000,35,36,5PI4VaWGKPyoh0vfoAzX78,lbourbonkb
879,1626584698000,27,60,5FBgJPVb2akL0l2oXshmjT,mmaccallisterkf
880,1653042355000,73,20,7wZnt8sHhTMO8PA4o5Ah3n,kcarrolln4
881,1632168709000,60,44,3IcSgaj3iwBGzCeCgLcV54,gmcmackincg
882,1614971924000,50,65,5tP3bJn54lflOjlQ8CaTbV,dhughesdonc5
883,1668744607000,66,19,7zo05whm8LBnnt1dG979ov,fnoenpc
884,1644769870000,1,31,08CEozAr9W6tjhOEpSY2J4,hpilmernb
885,1630904659000,69,32,5MGdVJRHRfZ95yWQ2hCwRC,cfaithfullns
886,1635529564000,92,55,4TXtiyC9zYWLTmKIb6c5vg,adunlop1r
887,1728209785000,92,61,2Sej1KOJaahXpz76osRNG1,cprayerbz
888,1693584461000,34,45,7LltNXuqCBGOAp1iwmAmB3,rpetrakovq6
889,1668942602000,78,80,0ummD95aMfyssMGkd2pV6f,tjenckesn
890,1678431303000,39,49,2Anv12bIR2w1LxoMj98AnI,rgalsworthyhx
891,1661298184000,65,91,73LdhMZm8CrXJEi2wm6um3,jkettlestringes6t
892,1615029606000,76,16,51psaXOJAkOUdRQrp2Wjsa,fhuguesha
893,1688755291000,33,45,6rAGFY9D3ah6Lb7fUgbNNH,blegerh9
894,1616824666000,89,51,703r0wMVb9hr4wZMN6FiKb,ojosilevicha9
895,1619639822000,100,13,4lI1izPJwDoyDCrxgMCWtN,ebowhay58
896,1729010485000,29,4,5l8ft0KRKclEyiqLY9BtCs,jrundle7w
897,1628206833000,40,1,01ft7EehsvcgF5sjwG7LrH,btregona34
898,1645275077000,51,77,5FihcmME7NlwW8KbYOaHVH,wchilcottmq
899,1659371963000,14,84,38p8YDx5gepOiK4SnEfoB4,emcgavigani5
900,1700076615000,22,49,6nlLNgapDxUJgLHdB9UovS,hguirauoq
901,1637974784000,16,80,3ajK9x5sgI5CgPsgs4jFej,lcosgriveas
902,1712489119000,73,55,4JA7aSrxBMK1l4H8JcKF2V,dsheratonox
903,1616477217000,57,11,4PFAaMMu6Utdpx5WqRtAup,djemmett36
904,1701622115000,73,43,10RBWTpKyCPybi15zqB1eS,dpoley8h
905,1631931895000,96,37,1csCVXWrL0aJgIZupMOIMV,astrick3n
906,1698581925000,25,35,4uarTKOJ0n8NLBANPvfhRE,bravenshawaw
907,1633646695000,72,58,5QGu0Yr6B8oHjlNNG9ncRG,kbentalle9
908,1693836959000,28,61,6xJTipZ3B2lewY9Mwa9UJH,wmertel1k
909,1699360063000,38,17,4FthwGFz9SVZgCVqxNXsSK,jitzcovichchod
910,1716016246000,69,81,7eXA7AJdR992WM2oo7C5fN,dpettigrewbf
911,1627074773000,76,4,0cundwpT660dXda1AK7F3A,mhazeldenop
912,1727181730000,36,46,5lrgHxABqKMFyZGlEJtb1A,ffiggsbv
913,1618258346000,50,100,1mgsWGf69P448vP0md1Z8e,swilbera3
914,1657684114000,4,87,5Jx83G7IadblXTyvMMo7Uu,nbeckmanni
915,1616407214000,52,16,3v9ELl9T121dhadZyIiQVn,njanuszewskige
916,1679540074000,39,100,6gJKvK7qlt0TvwzwmmATK2,rbettles3f
917,1634397996000,81,44,4zpOLmgrWhOPuXfTi5K6Kc,kaddingtonb5
918,1731107608000,90,54,2FP1VE2oWu6ieiJE4dw19G,mcomiammv
919,1720694799000,30,10,3RdzCDW0PIuXh3P8YfYU3S,tkreutzerc0
920,1715831410000,84,80,380DWVuwaV5cEdg3EykEHb,htallantgb
921,1685689640000,66,6,4s4huMzMAmAAbEuSAmwt6b,jbagguleyc3
922,1689475539000,12,23,2hn02zODitgIsPWpyqWx0X,ajamotfk
923,1716924671000,74,75,0G0kAwhSsxZHWh7Z5dg9dm,arookebynv
924,1669239922000,33,57,7mfJk96oMDF1pUUdwC8aEm,adomber
925,1629712297000,71,15,2DX8HOVlDrrjfOZnN1NyaP,ldiggar2q
926,1688844310000,49,71,5TwBvXxvk92NwPeARNVOHk,hgarteryal
927,1666825561000,54,78,6kM4A4oVGsNkoy0hgh90Dj,wdietscheil
928,1659795032000,1,66,6PprnktjmpGa84jSvxxr2o,gkasherjd
929,1654162217000,64,85,3yrlLoKgT5L7ZL51yJ1qcl,gmccritichie4h
930,1681581282000,91,31,188vCXc4bAejLqGhpEVBGT,ctreneerpe
931,1614901177000,48,60,0GIvaUq2zX44ukvc0kDIPb,smogganjh
932,1651431771000,24,75,3FyK7HfeMLdhIA0OAQ9nT3,slittlepage3p
933,1647497563000,97,24,4pyQ5n3teYo2C89zE3NBrM,dhuejj
934,1719643549000,60,27,0qJOO0qpBFmR1vXf4rMRuj,rgabbott68
935,1685226352000,31,36,2EstAAPQZJAFF1MYDZJmJB,mhannentez
936,1666093141000,80,2,1060gzllf4b0UETAXisR5l,helstobhi
937,1716619351000,21,65,17PzNlFEwFlbs73AszuDpW,apoyleki
938,1662276810000,100,47,0udop43izTZYhnCkR265Ib,wmalthusak
939,1663452074000,81,22,3VwgtTh9D0CubY32jdhI5U,jginnety5y
940,1669203899000,74,4,1MFASTOgDmN4AdjC6aPX3b,kperronip6
941,1690498559000,87,96,7i6rpfNTw7Wd3ok2scd0lD,esauntonof
942,1679726123000,1,30,27JXGfyPGMuKn5PbSkaDKp,nshermoren8
943,1684802901000,76,81,7p0k0d5AIIexm8mDTqEaS8,udossite0
944,1648618324000,77,25,2Dz5WpEWA0vhnMmEPYiZ2y,esauntonof
945,1663985477000,84,64,37aMMyyEcuSqeogOvsb4ID,ktollandl4
946,1672362986000,6,9,1DalmuFDWNUda9n72RX8VV,vbrashaw8x
947,1725571051000,90,71,3TmTEN2zy0cyYMjiviWbMK,swilbera3
948,1728790268000,32,45,2VOIhAAQ1l03SZaWCpqAuq,dbeterissig
949,1688056835000,73,19,6WGQR4SuHTBlsEyKNs5SNl,wstronoughbd
950,1691920481000,77,40,3NdK2FmEM5d00BAq7uhN0n,amandre46
951,1700232022000,43,13,0VOo5qTj3vnlPhisPqAOIA,tchaffermb
952,1686725190000,69,12,6CqfxS51FLktbpyJMxGwFJ,dvardeygw
953,1683439853000,63,67,6fGh3jzYtgX40vC7tS3pvu,kcastanho8l
954,1634858250000,30,57,7sKSWDkW8DfAylLv4SufE4,kgoodburnli
955,1685644843000,55,22,4EtELRz6M3e184zevnBKDb,shousbiefz
956,1720992323000,37,40,7z2DKGAsPPdxOwTzMaVYD4,cquinceepq
957,1688102788000,51,25,6oNlBZwqefXprM721Bmksi,ddacke6v
958,1660635807000,9,93,3yZueO8TUXxGNettYqIRKw,bmoukesc
959,1723358128000,22,96,2CXSyVA9MkH0RKCg6wmE6E,dtreleaven3r
960,1667477912000,58,93,0lks2Kt9veMOFEAPN0fsqN,ssodorea
961,1653400985000,26,23,4ZmX8elKMkH0MfniNi0Adu,cciobutaruia
962,1679947311000,97,24,5pSxOv6lbvdz2fddSUPdSA,mmcmarquisb2
963,1713515684000,20,6,3TyQrs62Ma2oMsDZkayXFM,mpic9k
964,1690054643000,46,8,4ljZ7YR85Qh9zXdCdsUeYF,sdunmore2l
965,1623106212000,39,80,4e21ffd1zh8xSC7qWELhm5,dcorse5q
966,1664968088000,75,5,0mF0QEUmAY0MKIutZ8Mfep,slarwayoa
967,1723686153000,30,24,5z25VAUaZiG5uoGuoWwXDz,abedwardnl
968,1714044596000,50,16,3yJjRARrm2dE2tPuzPL2Z1,eanfonsij
969,1664748828000,1,74,5OMpZa1m8amJy7ICItG1Sc,rcrayked5
970,1656129749000,23,18,7sJlsniXBxRQetEeeV2eAe,jginnety5y
971,1611213406000,27,53,32CwLhZJBa6C5Q0bJe0Q47,gsagerfo
972,1705527490000,18,21,6JAXWoK53LV3hYARf4TzzP,sieldenq
973,1633477340000,14,21,6GUutll2zrbk4znxIxSl5r,gdaborneh
974,1699124415000,49,22,4hGMvPPc6ci506wtjXiJiL,bsimonassift
975,1699258513000,82,62,6mcn8yWhqQ1nkfVAHVXFrz,lkalkoferaj
976,1646715033000,5,80,1JWUADVbWUsJPix8A4ihQA,cfronks8
977,1702200262000,69,84,6Yy2ilpQKtZvTp0mkVypRD,jitzcovichchod
978,1693223518000,53,53,6KQIqbhpZ1hHjLWlF1DJE7,lcollatonnw
979,1713452231000,56,74,5VXWbvVZi2eCx6SSN4fZTU,amurpheyr5
980,1701301979000,7,72,2nzBxUFJOmdXeVfMFZUbY6,pbudibent21
981,1607387963000,13,79,64ffnT5MhVJ6UpecXmDjou,ffarnie55
982,1659520481000,5,29,31bNrGIFzje8Xj6g8NgpJF,smanderi7
983,1670673148000,17,9,7Be552Vpge86q9aSLU9siI,jbyer5x
984,1672386391000,78,50,4sm26CYtyVGsBHKoe59KFz,sfutty4b
985,1696039542000,46,53,3QU8xUi5n7pUxzRaojTj5O,wcoathup5f
986,1675578604000,42,12,4jTVJvaZg5CftauLD2ou9F,gridgewaydi
987,1650949734000,48,34,3wd6IXfdDhJlRIauwszfC8,ereddoch9h
988,1645268959000,37,43,11eR3j6v07i70jh1jz6e67,cgeorges4j
989,1685722190000,50,34,5ElpusNZMl7iKKmVuxC6EH,afrantzdb
990,1639207247000,11,32,1ZdhOMWyFR8Iv9eylMGYg2,trobbedl
991,1636655461000,25,1,0JMTdC3EsrNdqyYYhDCZCL,vbrashaw8x
992,1673802723000,69,24,2g8HN35AnVGIk7B8yMucww,rkimberleygh
993,1681401768000,60,36,09IT6ZbPsY5EioVEqeyq4j,dhughesdonc5
994,1714965200000,63,9,6fykOTaQUHbvT4rKOCtxJF,jblankenshipd0
995,1687303608000,89,79,6f5QtSk4rb8HUO5vw4sWDe,sbednallaz
996,1650497823000,42,78,51HoKwuVUVcv0DHPT0x2Qi,pmetschkej2
997,1630607015000,47,3,5fjoMV6IwPKFsmm0LQuv0m,bfindlowjs
998,1632910531000,27,34,6O6G3xRi7JvGvG2HFNio7y,bravenshawaw
999,1707115604000,47,31,3THT55Get2hbk2Cec9Lw3b,elamkinro
1000,1699403398000,53,19,2oi9hdNzZ5SFSzg8oEPxoA,sdeeryf
